<?xml version="1.0" encoding="UTF-8"?>
<!DOCTYPE mapper PUBLIC "-//mybatis.org//DTD Mapper 3.0//EN"
        "http://mybatis.org/dtd/mybatis-3-mapper.dtd">

<mapper namespace="com.video.mapper.VideoMapper">
    <resultMap id="videoResult" type="com.video.entity.Video">
        <result column="vid" property="vid"></result>
        <result column="vname" property="vname"></result>
        <result column="vtime" property="vtime"></result>
        <result column="vdesc" property="vdesc"></result>
        <result column="vdirector" property="vdirector"></result>
        <result column="vactor" property="vactor"></result>
        <result column="vurl" property="vurl"></result>
        <result column="vimg" property="vimg"></result>
        <result column="vplayNum" property="playNum"></result>
        <result column="vstoreNum" property="storeNum"></result>
        <association property="vtype" javaType="com.vtype.entity.VType">
            <result column="tid" property="tid"></result>
            <result column="tname" property="tname"></result>
        </association>
    </resultMap>

<!--    陈益  -->
    <select id="findVideoById" resultMap="videoResult">

select * from video v1 join vtype v2 on v1.vtype=v2.tid  where vid=#{id}

    </select>
    <select id="isStar" resultType="int">
        select count(1) from vstore where pid=#{pid} and vid=#{vid}
    </select>
    <insert id="star">
        insert into vstore (pid,vid) values (#{pid},#{vid})
    </insert>
    <delete id="noStar">
        delete from vstore where pid=#{pid} and vid=#{vid}
    </delete>
    <select id="getMyscore" resultType="int">
        select score from grade where pid=#{pid} and vid=#{vid}
    </select>
    <insert id="setMyscore">
        insert into grade (pid,vid,score) values (#{pid},#{vid},#{score})
    </insert>
    <update id="updateMyscore">
        update grade set score=#{score} where pid=#{pid} and vid=#{vid}
    </update>
    <select id="getVscore" resultType="double">
        select vscore from
 (select avg(score) vscore,vid from grade group by vid) b
  where vid=#{vid}
    </select>
    <select id="getAllWords" resultType="com.video.entity.Discuss">
        select * from discuss d join vuser v on d.pid=v.id where vid=#{vid} order by pid asc
    </select>
    <insert id="eva" parameterType="com.video.entity.Discuss">
       insert into discuss(pid,vid,words) values (#{pid},#{vid},#{words})
    </insert>
    <select id="getMyStar" resultMap="videoResult">
        select * from vstore v1 join video v2 on v1.vid=v2.vid where v1.pid=#{pid}
    </select>

<!--    王晏  -->

    <insert id="add" parameterType="com.video.entity.Video">
        insert into video
        values(video_id_seq1.nextval,#{vname},#{vdesc},#{vtime},#{vdirector},#{vactor},#{vurl},#{vimg},#{vtype.tid},0,0)
    </insert>

    <update id="update" parameterType="com.video.entity.Video">
        update video set vname=#{vname},vdesc=#{vdesc},vtime=#{vtime},vdirector=#{vdirector},vactor=#{vactor},vurl=#{vurl},vimg=#{vimg} where vid=#{vid}
    </update>

    <select id="findAll" resultType="com.video.entity.Video">
        select * from video
    </select>

    <delete id="delete" parameterType="int">
        delete from video where vid=#{vid}
    </delete>

    <select id="findById" resultType="com.video.entity.Video">
        select * from video where vid=#{vid}
    </select>

    <select id="findByType" parameterType="int" resultType="com.video.entity.Video">
        select v.* from video v where v.vtype=#{vtype.tid}
    </select>

    <select id="search" resultType="com.video.entity.Video">
        select v.* from video v
        <if test="src!=null and src!=''">
            where v.vname like '%'||#{src}||'%' or v.vdesc like '%'||#{src}||'%' or v.vtime like '%'||#{src}||'%' or v.vdirector like '%'||#{src}||'%' or v.vactor like '%'||#{src}||'%'
        </if>
    </select>

</mapper>