<?xml version="1.0" encoding="UTF-8"?>
<!DOCTYPE mapper PUBLIC "-//mybatis.org//DTD Mapper 3.0//EN"
        "http://mybatis.org/dtd/mybatis-3-mapper.dtd">

<mapper namespace="com.vuser.mapper.VUserMapper">
    <select id="login" resultType="com.vuser.entity.VUser">
        select * from vuser where uname=#{uname} and upwd=#{upwd}
    </select>
    <select id="findUserByName" resultType="com.vuser.entity.VUser">
        select * from vuser where uname=#{uname}
    </select>
    <insert id="regist" parameterType="com.vuser.entity.VUser">
        insert into vuser (id,uname,upwd,usex,uage,utel,uimg) values
        (vuser_id_seq1.nextval,#{uname},#{upwd},#{usex},#{uage},#{utel},#{uimg})
    </insert>
    <update id="update" parameterType="com.vuser.entity.VUser">
        update vuser set
        uname=#{uname},usex=#{usex},uage=#{uage},utel=#{utel},uimg=#{uimg}
        where id=#{id}
    </update>
    <update id="update2" parameterType="com.vuser.entity.VUser">
        update vuser set
        uname=#{uname},usex=#{usex},uage=#{uage},utel=#{utel}
        where id=#{id}
    </update>
    <update id="update3" parameterType="com.vuser.entity.VUser">
        update vuser set
        uname=#{uname},upwd=#{upwd},usex=#{usex},uage=#{uage},utel=#{utel},uimg=#{uimg}
        where id=#{id}
    </update>
    <update id="update4" parameterType="com.vuser.entity.VUser">
        update vuser set
        uname=#{uname},upwd=#{upwd},usex=#{usex},uage=#{uage},utel=#{utel}
        where id=#{id}
    </update>
    <select id="findUserById" parameterType="int" resultType="com.vuser.entity.VUser">
        select * from vuser where id=#{id}
    </select>
    <update id="updatePwd" parameterType="com.vuser.entity.VUser">
        update vuser set
        upwd=#{upwd}
        where id=#{id}
    </update>

    <select id="findAll" resultType="com.vuser.entity.VUser">
        select * from vuser
    </select>

    <delete id="deleteByName" parameterType="String">
        delete from vuser where uname=#{_parameter}
    </delete>
</mapper>